ID,Text
1-1,档案号：C-012
1-2,等级：S-严重人身伤害事件
1-3,案件名称：希望之峰A2食堂集体食物中毒事件
1-4,案发时间：2010年10月1日 下午7:15左右 星期五
1-5,案发地点：希望之峰本科A2食堂/希望之峰生物学部楼
1-6,案件状态：未结案
1-7,案件概述
1-8,案发当日正好是周五的晚上。往常这个时候A2食堂都会举行大型优惠活动，然而由于该活动被移到了周三，当天前来就餐的人数比往常要少很多。
1-9,当天晚间7:15左右，坐在食堂各处的四名受害人先后倒地，出现剧烈抽搐症状。
1-10,现场工作人员立刻联系了紧急医护人员和救护车，在多人的救助下，A2食堂的四名中毒人员中的两名（佐川姬子，日下部龙之介）侥幸生还，另外两名被害人在送往医院的途中因抢救无效死亡。
1-11,巧合的是，四位死者唯一共同享用的餐点是当天赠送的免费例汤。这份例汤需要顾客自助用公共餐具盛上。
1-12,事后处置
1-13,案发后，现场所有人员与已确认的中毒者都被送至希望之峰医学部医院进行治疗。
1-14,经过紧急排查，当晚晚餐时段所有曾在A2食堂用餐的人员和参与工作的工作人员都被暂时控制，确认所有可能嫌疑人都未离开希望之峰校区。
1-15,与此同时，本校保安部完成了对整个校区的封锁，紧急公关部门也已经彻底封锁消息。
1-16,希望之峰医学院医院报告
1-17,当晚共接收患者39人。所有现场顾客（共31人）都被强制洗胃。
1-18,除去因抢救无效而死亡的两位受害人和发现时已经死亡的两位受害人之外，同样出现明显中毒症状的佐川姬子因脏器受损仍需住院。
1-19,而日下部的生命体征则较为正常，未发现有明显肠胃损伤，但因事件受到了不少惊吓。
1-20,五位被害人的初步尸检报告已经给出。
1-21,
1-22,*对所有被害人尸体的毒剂检测仍未得出具体结果
2-1,尸表检查
2-2,尸体于1日晚8:15到院，男性，身高178cm，发育无异常，消瘦，体表无发育畸形，未见明显外伤。
2-3,发色金黄，头皮完整。手指，手臂及膝关节内屈，疑似为强烈抽搐所致。
2-4,内部检查
2-5,1.体腔：无异常。
2-6,2.皮肤：腹壁皮下脂肪层厚度2cm。
2-7,3.头颅及中枢神经系统：在头部发现了大规模整容手术的痕迹。中枢神经部分坏死。
2-8,4.颈部：无异常。
2-9,5.心血管系统：心脏皱缩严重，疑似是因痉挛抽搐所致。无其他病变。
2-10,6.呼吸系统：无异常。
2-11,7.肝、脾及胆道系统：肝部肿大，内脏出现不同程度的损伤。
2-12,8.消化系统：胃内发现约250ml内容物，已抽出部分用作毒物分析，发现同位素标记。
2-13,9.泌尿生殖系统：无异常。
2-14,死亡时间推定
2-15,
2-16,死亡时间应为当晚19:30左右。
3-1,尸表检查
3-2,尸体于1日晚8:15到院，女性，身高161cm，发育无异常，微胖，体表无发育畸形，躯干无明显外伤。
3-3,双手手指指尖有严重擦伤，部分指甲脱落，指甲缝内有人体组织，经检测是死者自己的。
3-4,颈部有多道轻微刮伤，应是死者自己的指甲造成。死者口鼻部有明显白沫。
3-5,内部检查
3-6,1.体腔：无异常。
3-7,2.皮肤：无异常。
3-8,3.头颅及中枢神经系统：头颅无异常，中枢神经出现大规模坏死和萎缩。
3-9,4.颈部：无异常。
3-10,5.心血管系统：心脏皱缩严重，疑似是因痉挛抽搐所致。
3-11,6.呼吸系统：肺部皱缩，气管内有大量白沫堵塞。
3-12,7.肝、脾及胆道系统：肝部肿大，内脏出现不同程度的损伤。
3-13,8.消化系统：胃内发现约250ml内容物，已抽出部分用作毒物分析，已检出同位素标记。
3-14,9.泌尿生殖系统：无异常。
3-15,死亡时间推定
3-16,推定死因为TETS中毒所导致的多内脏损伤。
3-17,根据指尖的擦伤可知患者在死前曾经历过极其痛苦的挣扎。
3-18,
4-1,尸表检查
4-2,尸体于1日晚20:24到院，为女性，身高162cm，发育无异常，体表无发育畸形。
4-3,内部检查
4-4,1.体腔：无异常。
4-5,2.皮肤：无异常。
4-6,3.头颅及中枢神经系统：头颅无异常，中枢神经出现大规模坏死和萎缩。
4-7,4.颈部：无异常
4-8,5.心血管系统：无异常。
4-9,6.呼吸系统：无异常。
4-10,7.肝、脾及胆道系统：肝部肿大，内脏出现不同程度的损伤。
4-11,8.消化系统：胃内发现约250ml内容物，已抽出部分用作毒物分析。检出同位素标记。
4-12,9.泌尿生殖系统：无异常。
4-13,死亡时间推定
4-14,
4-15,推定死亡时间为当晚19:20左右。
5-1,尸表检查
5-2,尸体于1日晚20:24到院，为男性，身高182cm，发育无异常，体表无发育畸形。
5-3,内部检查
5-4,1.体腔：无异常。
5-5,2.皮肤：无异常。
5-6,3.头颅及中枢神经系统：头颅无异常，中枢神经出现大规模坏死和萎缩。
5-7,4.颈部：无异常
5-8,5.心血管系统：无异常。
5-9,6.呼吸系统：无异常。
5-10,7.肝、脾及胆道系统：肝部肿大，内脏出现不同程度的损伤。
5-11,8.消化系统：胃内发现约250ml内容物，已抽出部分用作毒物分析。检出同位素标记。
5-12,9.泌尿生殖系统：无异常。
5-13,死亡时间推定
5-14,
5-15,推定死亡时间为当晚19:20左右。
6-1,尸表检查
6-2,尸体于1日晚20:24到院，为男性，身高152cm，发育无异常，微胖，体表无发育畸形。
6-3,胸口有3cm宽，9cm深刃器伤口，位置偏左。
6-4,后脑有轻微淤血，疑似是倒下时碰撞坚硬地面所致。
6-5,内部检查
6-6,1.体腔：胸腔有大量血液，未在肋骨上发现刃器伤或划过的痕迹，可以确定刀身是从肋骨缝隙间穿过的。切口十分整齐，加上死者西服的阻挡，几乎没有血液溅出。
6-7,2.皮肤：无异常。
6-8,3.头颅及中枢神经系统：神经系统完好，无异常
6-9,4.颈部：无异常
6-10,5.心血管系统：心脏有刃器伤，心包，右心房和右心室被贯穿，切口整齐。
6-11,6.呼吸系统：左肺部被刃器刺穿，出现血气胸症状。
6-12,7.肝、脾及胆道系统：无异常。
6-13,8.消化系统：胃内发现约250ml内容物，已抽出部分用作毒物分析。
6-14,9.泌尿生殖系统：无异常。
6-15,死亡时间推定
6-16,
6-17,
6-18,死者应在受伤后的10秒内死亡。
6-19,推定死亡时间为当晚18:20左右。
7-1,案发之后，得益于现场保安的快速反应，A2食堂的状况迅速得到控制。
7-2,在完成了伤者收治和现场目击者导流后，现场调查随即展开。
7-3,用餐区状况
7-4,调查人员立刻对现场餐具进行了检测，结果在今井加奈，荒川摩耶，日下部龙之介，佐川姬子四人的当天免费汤品餐具和残留中发现了同位素标记和TETS毒剂反应。
7-5,其他餐品与其他顾客的免费汤品中均没有发现类似残留。
7-6,后厨状况
7-7,在对后厨进行了彻底的地毯式搜查后，没有发现疑似下毒所用的容器。
7-8,后厨的所有工作人员均接受了搜身，亦没有发现类似容器。
7-9,在对当天的免费汤品锅进行调查后，只在当天的第一个汤品锅里发现了同位素标记和TETS毒剂反应。
8-1,实行管制的原因
8-2,案发前，由于2009年希望之峰事故频发，严重影响到了学校在公众面前的形象，故希望之峰实行了有史以来最严格的安保管制。
8-3,细则
8-4,1. 所有进出学校的人员，车辆，均需进行完整且细致的安保检查，无一例外，以确保没有违禁品进入。
8-5,2. 学校内所有宿舍，教学楼，包括个人储物格都将更新为电子密码锁。所有学生，教职工和访客都必须使用电子手册开门。如果有特别需要，可以通过电子手册上的软件远程授权给他人。
8-6,3. 扩大必须进行同位素标记的项目范围。现在除了重点项目，其他项目也必须适用该规则：对于实验室内所使用的所有药剂和实验体都必须进行独特的同位素标记，确保在发生事故之后能够准确定位。
17-1,由于A2食堂现场的调查人员和医院的报告均指出毒剂为希望之峰内部的TETS制剂，故对药品储藏室进行了紧急搜查。
17-2,现场状况
17-3,储藏室的门锁没有被破坏及外力撬开的痕迹，也未发现黑客行为。
17-4,门锁记录当日唯一一次开锁时间为晚上19:02，使用的是宫原克的电子手册。
17-5,经过搜查人员找到的药品列表进行比对，发现其中装有TETS的唯一一瓶药剂已经失窃。
17-6,除此之外，在失窃药架的地上发现了一些粉末。经过毒药检测，证明这些粉末应该是普通的面粉。
17-7,除以上区域之外，其他位置一切正常。
18-1,当晚，搜查人员在多次敲门无果之后用万能钥匙打开了管理科科室门，在其内发现了宫原克的尸体。
18-2,尸体状况
18-3,宫原克的尸体以一种脚冲门的姿势自然仰躺在地上，身上的衣物没有明显的杂乱，身下有大量血迹但形状规则且集中。
18-4,衣服上有一些翻动痕迹，经过调查，宫原克的电子手册失踪了，大概是凶手刺杀之后拿走了手册。
18-5,凶器是一把插在胸口上的薄刃切鱼刀，没有在凶器上采集到指纹，不过发现了一些乳胶残留，初步认定是医用乳胶手套留下的。
18-6,经过调查，这把切鱼刀是正本牌的，十分昂贵，但是经过紧急联系确认，日本国内近日并没有售出过这样的切鱼刀。
18-7,现场状况
18-8,进入屋内时房间的灯没有被点亮。
18-9,管理科科室的门锁没有被破坏及外力撬开的痕迹，也未发现黑客行为。
18-10,门锁记录当日有多次开关记录，最后一次开锁时间为晚上18:14，是从内部开的门。
18-11,根据当日的开关记录和现场的状况推算，当时宫原克应该是独自在房内。
18-12,调查人员调查了房内的其他部分，并没有发现有被翻动或者是打斗引起的混乱，也没有发现财物丢失。
18-13,指纹调查的结果是，现场除了管理科科室工作人员的指纹之外没有任何可疑指纹留下。
18-14,仅在房内的电灯开关上发现了疑似乳胶手套按压留下的痕迹。
18-15,工作人员的去向
18-16,当晚，保安立刻对所有管理科工作人员的去向进行了地毯式调查，结果发现所有人都没有在案发时间进入过希望之峰，并都有着不同程度的不在场证明。
19-1,调查人员到达顶楼时，发现顶楼的门被从外部反锁。
19-2,在强行撞开之后，发现了宫原奈美惠和藤间悠斗的尸体。
19-3,尸体状况
19-4,两人的尸体俯卧在顶楼门口附近。
19-5,宫原奈美惠的尸体蜷缩成一团，双手紧握，并在尸体附近发现了手指留下的血痕，疑似是死者生前经过挣扎所致。
19-6,除此之外，在口袋里发现了她的手机。
19-7,藤间悠斗的尸体躺在宫原奈美惠附近，面部表情较为狰狞，双手紧握，但体态总体相对自然，没有经过太多挣扎。
19-8,现场状况
19-9,在两人身旁发现了两份便当和两个空牛奶瓶。
19-10,经过辨认，两份便当应来自当天的A2食堂，其内(包括当日的免费汤品)未检出同位素痕迹。
19-11,两个牛奶瓶的来源不明，在其内检出了同位素痕迹。
19-12,除此之外，在天台还发现了一个用易拉罐铝壳构成的火盆，里面装满了灰烬。
19-13,从剩余的部分看，这似乎曾经是一本笔记本，在烧剩下的封皮上发现了希望之峰校徽的印记。
19-14,宫原奈美惠手机里的LINE聊天记录
19-15,——9月30日 20:54——
19-16,悠斗：明天一起去顶楼吃便当吧（:emoji:招手）
19-17,你：啊？你不是有活动要参加吗（:emoji:疑问）
19-18,悠斗：啊，那个，没关系，我推掉了。
19-19,你：是嘛www那明天见。
19-20,——10月1日 19:06——
19-21,悠斗：你在哪？
19-22,你：你好慢啊。我已经到了楼顶了。（:emoji:怒）
19-23,悠斗：我刚刚去买便当了。今天的A2食堂人很多，排了好久才排到。
19-24,你：总之你快点啦，我已经要冻僵了。对了，今天的例汤是什么？
19-25,悠斗：奶油浓汤。
19-26,你：哇！我超喜欢那个奶油浓汤！话说回来你今天怎么这么冷漠啊，出什么事了吗？（:emoji:疑问）
19-27,悠斗：没什么。刚才在食堂看到了那个叫理绘的家伙，所以有点不爽。
19-28,你：哈？预备学科的人也能随便进本校？那群保安是吃干饭的吗？
19-29,悠斗：说的就是啊！（:emoji:怒）
19-30,你：看来是时候再找人好好“教育”她一次了。明明都已经差点被搞死还敢这么跳？
19-31,你：悠斗？你在吗？（:emoji:疑问）
19-32,悠斗：我就快到了，见面再说吧。
20-1,TETS作为一种神经毒素能引起致命性的抽搐，是最危险的杀鼠剂之一。
20-2,ETS的毒性比氰化钾强100倍，是更强烈的痉挛剂。
20-3,它是一种γ-氨基丁酸（GABA）的拮抗物，与神经元GABA受体形成不可逆转的结合，使氯通道和神经元丧失功能，且尚未有确认的解毒剂。
20-4,人类的致命剂量被认为是7至10毫克。
20-5,典型的中毒症状包括强烈的抽搐，呕吐，中枢神经系统损害。通常重度中毒者还伴有严重的内脏损伤，表明其毒理尚未被完全解明。
9-1,姓名：今井加奈
9-2,性别：女
9-3,身高：162cm
9-4,体重：47kg
9-5,籍贯：埼玉县
9-6,婚姻状况：未婚
9-7,出生日期：1976年11月24日
9-8,职务：希望之峰（本科）生物学部讲师
9-9,住址：希望之峰教师宿舍9区4栋404
9-10,简历
9-11,1994年就读于东京大学医学部
9-12,2001年获得分子细胞生物学专业博士学位，从东京大学毕业。同年进入希望之峰，任医学部助理讲师
9-13,2006年调任希望之峰生物学部，任讲师
9-14,2008年起，代理希望之峰预备学科生物课讲师
9-15,主要学术成就
9-16,《离子注入生物学研究述评》，2002
9-17,《无氧条件下TiO2薄膜界面光催化反应的XPS研究》，2005
9-18,《NSE在神经系统疾病中的研究进展》，2008
9-19,人际关系
9-20,佐川姬子
9-21,自从2006年调任生物学部讲师起，由于与佐川姬子的研究领域重合，加上今井加奈的竞争心旺盛，两年内一直以佐川姬子作为自己的主要竞争对手。
10-1,姓名：佐川姬子
10-2,性别：女
10-3,身高：170cm
10-4,体重：52kg
10-5,籍贯：大阪府
10-6,婚姻状况：丧偶
10-7,出生日期：1970年7月2日
10-8,职务：希望之峰（本科）生物学部教授
10-9,住址：希望之峰教师宿舍3区1栋703
10-10,家庭组成
10-11,女儿 佐川理绘
10-12,简历
10-13,1987年前往美国留学，就读于加州大学伯克利分校，生物工程专业
10-14,1994年以生物工程博士的学位从加州大学伯克利分校毕业，同年在当地结婚并育有一女
10-15,1996年，丈夫在出差时遭遇空难丧生
10-16,1999年，接受希望之峰的聘请回国，担任希望之峰生物学部讲师
10-17,2001年，升任希望之峰生物学部副教授
10-18,2008年，升任希望之峰学部教授
10-19,主要学术成就
10-20,《TBF-1C转基因鱼模型的建立》，1989
10-21,《生物工程学掀起的农产品生产革命》，1993
10-22,《类胡萝卜素合成的相关基因及其基因工程》，2001
10-23,《基因工程菌枯草芽孢杆菌GEB3产生的脂肽类抗生素及其生物活性研究》，2003
10-24,《Project Miri》，2008
10-25,人际关系
10-26,宫原克
10-27,自2001年起任佐川姬子的研究助理。两人关系开始还算融洽，但宫原于2008年主动申请辞去研究助理一职，调任生物实验室管理科科长。
10-28,今井加奈
10-29,自从2006年今井加奈成为生物学部讲师起，由于两人研究领域重合，今井加奈一直视佐川姬子为学术上的竞争对手，对其多抱有敌意。但由于佐川姬子在生物工程领域已经是业界权威，今井加奈目前处于全面下风。
11-1,姓名：荒川摩耶
11-2,性别：男
11-3,身高：182m
11-4,体重：75kg
11-5,籍贯：宫城县
11-6,婚姻状况：未婚
11-7,出生日期：1993年1月15日
11-8,学籍：希望之峰本科76期生，超高校级的记者
11-9,住址：希望之峰学生宿舍1区15栋103
11-10,简历
11-11,2008年，入学希望之峰预备学科76期，同年因独家报道Ibiza案件而名声大噪
11-12,人际关系
11-13,江之岛盾子
11-14,据相关目击者称，平面模特江之岛盾子曾经与荒川摩耶近期关系密切，曾有传闻称荒川摩耶约稿要进行独家访谈。
12-1,姓名：藤间悠斗
12-2,性别：男
12-3,身高：178m
12-4,体重：52kg
12-5,籍贯：静冈县
12-6,婚姻状况：未婚
12-7,出生日期：1993年6月5日
12-8,学籍：希望之峰本科77期生，超高校级的说唱歌手
12-9,住址：希望之峰学生宿舍1区19栋403
12-10,家庭组成
12-11,父亲 藤间雅史
12-12,母亲 希尔薇娅·伊芙（Sylvia Eve）
12-13,简历
12-14,2007年，以《I took A Pill In TOHO》专辑出道，主打违反常规的叛逆的形象。不久后就传出他曾经接受过大规模整容的丑闻，但本人予以否认。
12-15,2008年，申请进入希望之峰，因其患有毒瘾被拒绝。当月便出了一张新专嘲讽了一番希望之峰。
12-16,2009年，希望之峰招生前夕突然宣布戒毒，同年作为超高校级的说唱歌手进入希望之峰（77期）。并表示自己要专心深造，在毕业之前不会发布新歌。
12-17,人际关系
12-18,宫原奈美惠
12-19,入学后不久就成了情侣。据称这段明星恋情竟然是藤间主动出手的，但好在两人关系一直很和睦。
12-20,预备学科
12-21,藤间悠斗是少数与预备学科关系极好的人，由于其进入希望之峰前主打叛逆风的艺术风格，藤间悠斗对预备学科并无歧视态度，反倒是在入校后的第一次演唱会就选在了预备学科，即使没有任何新歌放出也在预备学科收获了大量的粉丝，甚至被视为是本校在预备学科的“形象大使”（当然校方坚决予以否认）。
13-1,姓名：宫原奈美惠
13-2,性别：女
13-3,身高：161m
13-4,体重：43kg
13-5,籍贯：静冈县
13-6,婚姻状况：未婚
13-7,出生日期：1993年6月5日
13-8,学籍：希望之峰本科76期生，超高校级的生物学家
13-9,住址：希望之峰学生宿舍1区19栋403
13-10,家庭组成
13-11,父亲 宫原克
13-12,简历
13-13,2009年作为超高校级的生物学家替补入学希望之峰（76期）。
13-14,2010年，由于成绩不佳，收到了来自希望之峰生物学部的学业能力警告。
13-15,人际关系
13-16,藤间悠斗
13-17,入学后不久就成了情侣。据称这段明星恋情竟然是藤间主动出手的，但好在两人关系一直很和睦。
14-1,姓名：日下部龙之介
14-2,性别：男
14-3,身高：169cm
14-4,体重：65kg
14-5,籍贯：大阪府
14-6,婚姻状况：丧偶
14-7,出生日期：1965年11月21日
14-8,职务：日下部财团董事
14-9,住址：大阪中央区日下部大厦顶楼
14-10,简历
14-11,1984年，毕业于东京理科大学生物工学科（学士），同年到普林斯顿大学学习管理学
14-12,1987年，管理学硕士毕业，回国，就任日下部财团董事
14-13,人际关系
14-14,日下部财团
14-15,作为前任董事的儿子，日下部龙之介是一个靠家族关系上位的典型领导人。虽然地位稳固，但是财团内部对其地位心怀怨恨的人不少。日下部龙之介的地位曾经在主张投资的Ibiza餐厅计划失败后遭受了一定的打击，但由于其父亲的势力，在财团内部的位置一直延续至今。
14-16,希望之峰理事会
14-17,日下部龙之介一直希望入学希望之峰但未能如愿，为了满足其情怀，在成为日下部财团的主要领导人后，对希望之峰进行了大量的投资，理事会对其青睐有加。
15-1,姓名：宫原克
15-2,性别：男
15-3,身高：152m
15-4,体重：62kg
15-5,籍贯：静冈县
15-6,婚姻状况：离婚
15-7,出生日期：1966年2月4日
15-8,职务：希望之峰生物学部管理科科长
15-9,住址：希望之峰教师宿舍3区1栋702
15-10,家庭组成
15-11,女儿 宫原奈美惠
15-12,简历
15-13,1998年，毕业于东京大学生物化学系，硕士学位
15-14,2001年，加入希望之峰，任佐川姬子的助教
15-15,2009年，PI-262事故后，主动辞去助教职务，转任希望之峰生物学部管理科科长
16-1,姓名：仁科幸太郎
16-2,性别：男
16-3,身高：168m
16-4,体重：78kg
16-5,籍贯：静冈县
16-6,婚姻状况：未婚
16-7,出生日期：1973年10月14日
16-8,职务：希望之峰A2食堂负责人/主厨
16-9,住址：希望之峰职工宿舍3区14栋1502
16-10,简历
16-11,1996年，作为超高校级的厨师入学希望之峰64期
16-12,1999年，从希望之峰毕业，并加入日下部财团作为其首席顾问
16-13,2008年，在塔和开设Ibiza餐厅，后因发生大规模食物中毒事件导致餐厅停运。
16-14,2009年，负责运营日下部财团投资的A2餐厅，并兼任主厨。
P1-1,询问者：请说出您的姓名，年龄和职业
P1-2,姬子：佐川姬子，40岁，现任希望之峰生物学部教授。
P1-3,询问者：您的家庭状况？
P1-4,姬子：丈夫去世了。还有一个女儿，佐川理绘，现在在希望之峰预备学科上学。
P2-1,询问者：1日的晚餐时段，您前往A2食堂有什么特别的理由吗？
P2-2,姬子：没有。晚上有空的时候就会去那里吃饭。
P2-3,询问者：是A2食堂的常客吗？
P2-4,姬子：是，因为这里离生物学部楼最近，而且口味相对而言比较和我胃口。
P2-5,询问者：这么说，生物学部的教师和学生都很喜欢来这里吗？
P2-6,姬子：据我所知，是的。
P3-1,询问者：请回忆一下排队时的状况。
P3-2,姬子：我当时在队伍的前段，由于来得早，前面没几个人。
P3-3,询问者：队伍前面有熟人吗？
P3-4,姬子：有。在我前面的是日下部龙之介，那个来希望之峰采访的财团董事。
P3-5,询问者：没有其他认识的人了吗？
P3-6,姬子：没有。
P3-7,询问者：你确定？你所在队伍的第一名是谁你记得吗？
P3-8,姬子：……不记得。
P3-9,询问者：那么队伍后面呢？
P3-10,姬子：我后面是个不认识的男人，看起来很年轻，应该是学生吧；他后面的那个人应该是我们学部的讲师今井加奈，再后面的我就没注意过了。
P3-11,询问者：您大概是几点开始排的队呢？
P3-12,姬子：大约是晚上6:50左右？
P4-1,询问者：用餐时有什么奇怪的事情发生吗？
P4-2,姬子：没什么。跟往常一样。
P4-3,询问者：但是有目击者称你喝汤的时候一不小心把勺子弄掉了？
P4-4,姬子：…你难道没弄掉过勺子吗？
P4-5,询问者：啊，当然不是这个意思。只是据目击者的描述，你似乎是被什么东西吓了一跳，但是周围却没有什么异常情况，所以才想问那个时候发生了什么。
P4-6,姬子：确实当时手背突然一阵刺痛，现在想想，应该是这个定时注射贴的问题吧。
P4-7,询问者：定时注射贴？
P4-8,姬子：嗯。这几天因为工作比较忙所以会有点过度疲劳，一直在给自己注射营养剂来维持状态。
P4-9,询问者：那这么说案发当天的注射贴出了什么问题吗？
P4-10,姬子：一般不应该那个时候注射的。但是昨天的那贴是我女儿给我贴上的，可能是她把时间设错了吧。
P4-11,询问者：这个注射贴能交给我们吗？
P4-12,姬子：当然可以。在那个垃圾桶里。
P5-1,询问者：听说你跟今井加奈的关系很差？
P5-2,姬子：关系是一个双向的概念。是她单方面对我抱有敌意，至于我，我对她并不抱持特别的态度。
P5-3,询问者：有传言称今井加奈一直试图把你从教授的位置上拉下来取而代之？
P5-4,姬子：嗯，她也从没掩饰过这点。
P5-5,询问者：你觉得无所谓吗？
P5-6,姬子：她如果确实能力比我强，把我取而代之不是很正常的事情吗？希望之峰归根结底还是个靠实力的地方。我并不会因此对她抱有什么特别的情感。
P5-7,询问者：但她似乎并不打算靠实力取胜。
P5-8,姬子：（冷笑）恕我直言，这里是希望之峰，不是什么充满了人情味和无聊的勾心斗角的野鸡高校。
P6-1,询问者：你跟女儿的关系似乎很紧张？
P6-2,姬子：我认为这跟本案无关。
P6-3,询问者：这件事是否与本案有关是由我们决定的，佐川小姐，请回答问题。
P6-4,姬子：（叹气）毕竟我欠那孩子的。如果她父亲还在的话…也许不会走到这个地步吧。
P6-5,询问者：不过据你们的邻居称，你们关系恶化是从去年开始的？这似乎不能单纯用丧父来解释了吧。
P6-6,姬子：请你适可而止，我拒绝回答这个问题。
P7-1,询问者：好吧，我们换个话题。你觉得谁可能有谋杀你的动机？
P7-2,姬子：据我所知，唯一恨到想杀我的人尸体现在应该已经凉了。而且我也不觉得有谁会用这种华丽的方式来谋杀我一个人。
P8-1,询问者：据尸检报告显示，你身后的那两位和队伍前面的死者都摄入了大剂量的毒剂，你却能够生还，这是不是运气太好了点？
P8-2,姬子：TETS是微溶物，放在那种汤品里根本不可能融化，所以中毒剂量极端随机化是很正常的事情。也许就像是你说的一样，我运气比较好而已。而且我前面的那个男人听说不是也活过来了吗？
P8-3,询问者：我可没说过…
P8-4,姬子：别忘了我可是生物学教授，TETS的中毒症状我也不是第一次见了。而且如果你还怀疑可能是我干的，我可以告诉你，如果是我打算搞一个反社会事件，我绝对不会给自己和别人挑一个这么痛苦的死法。
P9-1,询问者：生物学部的药品储藏室出现药品失窃的事情你知道了吗？
P9-2,姬子：嗯。这不是找到了吗，刚刚还在我们胃里兴风作浪呢。
P9-3,询问者：之前没有发现失窃的迹象吗？
P9-4,姬子：这周一的时候我和宫原科长亲自检查过药剂储藏室的药品状态，仔细检查过后确认没问题之后才关门的，这一周按理来讲都应该没有人去动那些东西。
P9-5,询问者：当时的检查彻底吗？
P9-6,姬子：是，我给每瓶药做了一次化验。
P9-7,询问者：那是怎样的一瓶药剂？
P9-8,姬子：用的是希望之峰的制式药剂瓶，因为是手工配制暂时存放的东西，所以只是贴了个手写的标签。
P9-9,询问者：希望之峰内部还有其他的这种毒药吗？
P9-10,姬子：有制备能力的只有我们学部和化学学部，当然据我所知他们既没有制备的理由也没有传出过制备这种药品的消息。
P9-11,询问者：瓶子本身能从校外买到吗？
P9-12,姬子：希望之峰的药剂瓶都是统一配发的定制型号，在外面一般情况下是不可能买到的。不过希望之峰毕竟寄托着太多蠢货的憧憬，即使进不来也想要个药剂瓶留作纪念——所以硬要说的话，可以。但是就在这种安检条件下，那种东西就算真的存在也带不进来吧。
P9-13,询问者：那这么说，有没有可能是有学生在宿舍里…
P9-14,姬子：啊，确实不能排除这种可能，毕竟都是超高校级的天才…要是他能把一台标记同位素的机器也搬进宿舍里还不被发现，那我确实要大加赞赏一番——别想了，不可能的。
P10-1,询问者：请说出您的姓名，年龄和职业。
P10-2,日下部：日下部龙之介，44岁，日下部财团董事
P11-1,询问者：1日的晚餐时段，您前往A2食堂有什么特别的理由吗？
P11-2,日下部：嗯。因为今天是来希望之峰参观的最后一天，所以想看看我们投资的餐馆经营状况如何，没想到却发生了这种事情…
P11-3,询问者：也就是说来这里餐馆是在日程表上定好的行动？
P11-4,日下部：是这样没错。
P12-1,询问者：听说您是来希望之峰参观的？
P12-2,日下部：是。因为我们财团也算是希望之峰的一大投资人，总要没事来看看自己的钱都流到哪里去了吧？（笑）
P12-3,询问者：您来希望之峰参观的日程表信息都有谁知道呢？
P12-4,日下部：嗯…我这次是一个人来的，所以日程安排和调整都是由希望之峰这边的接待人雪染小姐负责的，我会把意愿告诉她，然后拜托她来安排具体的日程。
P12-5,询问者：这位接待人的全名是雪染千纱吗？
P12-6,日下部：是。不愧是世界顶尖的人才啊，我曾经提过想聘请她来我们财团工作的事情，可惜她并不想离开这里。
P12-7,询问者：雪染小姐提到参观A2食堂原本是周三的事情，但是因为您身体不适改到周五了？
P12-8,日下部：啊，是的。本来周三的原定计划是白天去参加跟希望之峰理事会的会议，但是似乎是水土不服的原因，周三到周四我一直都在腹泻，所以不得已把日程推到了周五。
P13-1,询问者：你还记得排队时自己的位置吗？
P13-2,日下部：记得。我当时排在队伍里第三的位置。
P13-3,询问者：你的前后有什么认识的人吗？
P13-4,日下部：当然，我前面的那个是很有名的说唱歌手，是叫藤…藤野…
P13-5,询问者：藤间悠斗。
P13-6,日下部：啊对对对，藤间悠斗。我女儿很喜欢他，所以我就记住了。
P13-7,询问者：除了他呢？
P13-8,日下部：嗯…似乎还有个熟面孔来着。在我后面很远的地方似乎有个经常登上杂志封面的人？不过毕竟希望之峰人才济济，有个把这样的人并不奇怪吧。
P13-9,询问者：你说的是这位吗？（拿出江之岛盾子的杂志封面图）
P13-10,日下部：嗯！对，就是她。我想起来了，江之岛盾子，2008年的时候我们曾经邀请她去做过产品代言。
P14-1,询问者：你认为谁比较有可能来谋杀你？
P14-2,日下部：谋杀？这是一起针对我的谋杀案？
P14-3,询问者：不，但我也不排除这种可能。
P14-4,日下部：我不认为希望之峰内部会有什么我的仇人，至于餐厅的工作人员都是我们的雇员，基本也不可能会有心怀歹意的人吧。在戒备森严的希望之峰出这种事，本身就是一件意料之外的事情，很抱歉，我没有什么特别的线索可以给出。
P15-1,询问者：据雪染小姐称，你在周二下午的时候尤其详细的参观了生物学部楼，能介绍一下原因吗？
P15-2,日下部：别看我现在是个管理人员，我曾经也是个生物学研究者，当时也曾经梦想能入选希望之峰，实在是研究能力不足才去继承家业的。即使如此，我对新兴生物技术对未来的统治地位也不抱任何怀疑，所以这次来希望之峰希望能够了解到生物学最前沿的一些资讯，所以在生物学部楼花了很长时间。
P15-3,询问者：但是也不至于连药品和样本储藏室都要参观吧。
P15-4,日下部：好不容易来了全世界最先进的生物学研究所，肯定要看个过瘾吧。不过真是辛苦雪染小姐了，跟那个不懂变通的科长交涉了好久才放行。
P16-1,询问者：请说出你的姓名，年龄和职业。
P16-2,雪染：雪染千纱，20岁，希望之峰本科2-B班班主任。
P17-1,询问者：1日的晚餐时段，您前往A2食堂有什么特别的理由吗？
P17-2,雪染：有。我当天是作为日下部董事在希望之峰参观的随行接待人员跟他一起来到A2食堂的。
P17-3,询问者：这么说，你在食堂碰到罪木蜜柑等人——自己的学生这件事，仅仅只是巧合吗？
P17-4,雪染：是的。这是计划外的相遇。
P18-1,询问者：请详细介绍一下参观活动中关于A2食堂的部分。
P18-2,雪染：好。原本的参观日程是以A2食堂的晚餐用餐作为日下部先生在希望之峰参观的收尾活动，因此特意把促销活动都从周五改到周三了，但是周三当天日下部先生突然打电话给我说身体不适，要推到周五晚上再进行最后的参观，所以经过紧急安排才改到了案发当天的晚上。
P18-3,询问者：这次参观日下部先生的所有行程都由你负责吗？
P18-4,雪染：是，全部都是由我一人负责的。因此连日常的教学任务都暂停了。
P18-5,询问者：行程信息没有泄露吗？
P18-6,雪染：保密是女仆的职业素养之一，这点我可以保证。
P18-7,询问者：我听说保护主人的人身安全也是女仆的职业素养之一。
P18-8,雪染：所以请喜欢说废话的调查员先生尽快抓到凶手，否则如果那个人先被我抓到了，现场可能会变得很难清理哦~（恐怖的微笑）
P19-1,询问者：当天排队的情况是怎样的？
P19-2,雪染：由于促销活动的调整已经无法变动了，所以当天没有多少人来用餐。日下部先生排在队伍第三的位置。
P19-3,询问者：在队伍里发现了其他的熟人吗？
P19-4,雪染：嗯，因为那天我们…2-B班的同学也偶然来到这里用餐，正好发现了我，于是队伍后端显得有点混乱。
P19-5,询问者：除了他们之外呢？
P19-6,雪染：啊。记得在他们之前还有个梳着双马尾的女孩子，是新入学的78期新生吧，叫江之岛盾子来着？似乎是在队伍里第六的位置。
P19-7,询问者：为什么唯独对她有这么深的印象？
P19-8,雪染：因为在后来排队盛汤的时候那个孩子似乎把发卡掉进锅里了，弄的工作人员不得不换了一锅汤回来，所以印象比较深刻吧。
P19-9,询问者：话说回来，你当时没去排队吗？
P19-10,雪染：啊…是。我有乳糖不耐症，所以不能喝奶油浓汤。
P20-1,询问者：我们想了解一下之前日下部的参观流程。
P20-2,雪染：好。日下部先生是周二开始参观流程的，周二当天上午参观了神座出流博物馆，下午则是前往生物学部楼进行了实地考察。然后周三原本的安排是一整个白天都要跟希望之峰理事会举行会议，晚上去A2食堂考察经营状况。由于日下部先生身体不适，周三的所有流程都被推到了周五进行。
P20-3,询问者：日下部去生物学部楼都参观了些什么？
P20-4,雪染：听了一堂生物实验课，还参观了3层所有的实验室，了解了一下希望之峰生物学部最近的研究重点。
P20-5,询问者：你知道他参观这些的目的吗？
P20-6,雪染：日下部先生本来就是庆应大学生物系毕业的，而且在日下部财团中也是各种生物工程技术的主要鼓吹者，所以他应该也有自己的想法吧。
P20-7,询问者：在参观的时候有什么值得注意的地方吗？
P20-8,雪染：没什么特别特殊的地方，只是日下部先生对生物学确实有着相当的执念…在三层参观的时候甚至连药品和标本储藏室都没放过，我跟管理药品的宫原克科长解释了好久他才勉强放行。
P20-9,询问者：他在药品储藏室呆了多久？
P20-10,雪染：挺长的一段时间，他似乎对那里面的标本很感兴趣。
P20-11,询问者：期间有没有发生什么其他的事情？
P20-12,雪染：哦。有个黑色短发的女孩子跑过来说在地上捡到了一份生物学部的宣传册，问是不是我们掉的，日下部先生就过去拿过来了。
P20-13,询问者：日下部走后你们检查了储藏室吗？有没有药品丢失？
P20-14,雪染：当然，这是储藏室参观的例行公事。我和宫原科长检查了所有药品，确认没有缺失才继续参观的。
P21-1,询问者：请说出你的姓名，年龄和职业。
P21-2,仁科：仁科幸太郎，37岁，希望之峰A2食堂负责人。
P22-1,询问者：A2食堂会在几点开始晚上的营业？
P22-2,仁科：晚上七点整准时开始。
P22-3,询问者：当晚的后厨有什么异常吗？
P22-4,仁科：没什么异常情况，所有人都在一如往常的上班进行日常工序。
P22-5,询问者：当晚有什么其他人进入后厨吗？
P22-6,仁科：没有。希望之峰所有餐厅的食堂区域都需要特定的电子手册才能进入，除非是工作人员否则是不可能进来的。由于所有工作人员都互相认识，也不存在盗刷他人电子手册的状况。
P22-7,询问者：那我可不可以这么理解，当天的后厨是绝对没有外人进入的，所以如果是后厨的工作人员作案，犯人一定在你们之中？
P22-8,仁科：可以这么说。
P23-1,询问者：原定于在周五进行的促销活动被移到周三这件事你还有印象吗？
P23-2,仁科：有。
P23-3,询问者：能详细的说一下当时的状况吗？
P23-4,仁科：因为日下部先生的参观原定到周三就结束了，所以在跟雪染小姐商量之后决定把促销活动提前，并早早放出了通知。
P23-5,询问者：期间有遇到什么奇怪的事情吗？
P23-6,仁科：嗯……那是在周二的下午，日下部董事给我打电话问食材是否充分。我告诉他一切都没有问题。他说他突然想把促销活动移回周五，问我是不是可行。我说这怎么可能嘛，食材都已经提前运到了，如果再延后就没法用了。他说好吧，那就按原定计划进行吧。
P23-7,询问者：也就是说这次调整是日下部先生亲自给你打的电话？
P23-8,仁科：是他用自己的手机打的没错。因为之前说是日下部先生的日程安排都由雪染小姐负责，所以接到他的电话的时候我还吓了一跳。
P24-1,询问者：当天在免费汤品窗口的排队状况如何？
P24-2,仁科：总体来说还算正常，除了一个双马尾的冒失女不小心把发卡掉进锅里之外没什么特别的。
P24-3,询问者：你们当时是怎么处置的？
P24-4,仁科：当时是立刻换了另一锅汤来顶替，原来的那锅在捞出发卡并还给那个女孩之后就倒掉了。
P24-5,询问者：还有什么其他注意到的事情吗？
P24-6,仁科：……好久不见那个孩子了。
P24-7,询问者：你指谁？
P24-8,仁科：理绘。大概有一年了吧，自从那件事发生之后…哎，算了，反正跟这次的事情没太大关系。
P25-1,询问者：曾在窗口排队的几位被害人你都认识吗？
P25-2,仁科：不全都认识，不过佐川教授，今井老师和荒川那小子还是很熟悉的。
P25-3,询问者：他们很常来这里吗？
P25-4,仁科：是。因为生物学部和新闻学部离这里都很近，所以总能见到他们来吃晚饭。
P25-5,询问者：他们每次都会来喝免费例汤吗？
P25-6,仁科：是这样。因为赠送窗口跟结账的窗口在一起，所有人都会在结账的时候顺道来拿一份的。
P25-7,询问者：这些被害人有没有什么异常？
P25-8,仁科：嗯……虽说他们是常客但是凑得这么整齐的时候还是第一次。不过要说特别奇怪的事情……以往很吵闹的那个藤间悠斗今天似乎意外的有些沉默寡言？
P25-9,询问者：知道是因为什么吗？
P25-10,仁科：这倒是不太清楚，当时队列里人很多我也没来得及问。
P25-11,询问者：具体来讲，他们来店里的频率如何？
P25-12,仁科：没什么事的话，每天晚上都能见到吧。
P26-1,询问者：请说出您的名字，年龄和职业。
P26-2,盾子：什么什么？你不认识我？
P26-3,询问者：例行公事而已，请配合一下。
P26-4,盾子：好好好，咳咳，啊~美貌与智慧兼备的江之岛盾子大人，年龄保密，职业是平面模特，这样行了吧？
P26-5,询问者：……
P27-1,询问者：1日的晚餐时段，您前往A2食堂有什么特别的理由吗？
P27-2,盾子：哈？还能有什么理由，当然是去吃饭啊。
P27-3,询问者：但是你们的主要活动区域离这里很远不是吗？如果没什么特别的理由没必要跑这么远来吃饭吧？
P27-4,盾子：所以我不是说了吗，那个免费的奶油浓汤啊，我超喜欢喝那个。
P28-1,询问者：但是听说你在盛汤的时候把发卡掉进锅里了？
P28-2,盾子：是有这种事情。
P28-3,询问者：那就奇怪了，你那个双马尾发型…发卡是那么容易掉下来的吗？
P28-4,盾子：没准可能哦，质量不好…什么的？
P28-5,询问者：那你的马尾应该立刻散掉才对吧。
P28-6,盾子：啊~啊，请问这跟案件有什么关系吗？没关系的话我可以不回答这个蠢问题吧？我说你到底懂不懂少女心啊？处男？啊，真是抱歉，是不是戳到痛处了？
P29-1,询问者：听说你跟荒川摩耶之前曾经见过面？
P29-2,盾子：呃…哦！那个超~~~~~帅的小哥！嗯嗯！是！
P29-3,询问者：…所以能简单的说一下细节吗？
P29-4,盾子：那真是命运的相遇！这周二的时候我偶然路过生物学部的时候就看到他了！那不是家喻户晓的记者荒川吗！
P29-5,询问者：……事实上他好像没你有名来着。
P29-6,盾子：当然啦，你们这群只会看大腿和胸部的猪头自然是不明白像荒川这种记者的厉害之处！知道被他写过的偶像瞬间就能获得多少关注度吗！
P29-7,询问者：对不起，我懂了，请继续描述后来发生了什么。
P29-8,盾子：当时他在跟那个大叔商量什么事来着，咱当然就过去打了个招呼啦。
P29-9,询问者：你说的是这位先生吗？（拿出日下部的照片）
P29-10,盾子：是是是，啊那种人怎么样都行啦。总之当时我可是花了好大劲才成功跟他约到的独家访谈的机会来着！
P29-11,询问者：独家访谈发生在什么时候？
P29-12,盾子：为了防止他反悔，所以就定在第二天了！啊，现在还记得那个大叔阴沉的脸啊，一边嘟囔着什么一边掏出手机给什么人打电话的表情超好笑！
P29-13,询问者：但是据目击者说，荒川记者可是周四才来上课啊。
P29-14,盾子：嘛，那是当然的，因为周三一整天都·没·放·他·走·嘛！
P29-15,询问者：……好的我知道了。
P29-16,盾子：诶？你不问我们在房间里做了什么吗？
P29-17,询问者：不必了。
P30-1,询问者：刚才你提到你在学校里见到日下部了，你真的不认识他了吗？
P30-2,盾子：谁要认识那种臭大叔啊。你当我是啥？欲求不满的大叔控？
P30-3,询问者：但是你们不是合作过吗，08年的时候。
P30-4,盾子：哈？我接的“合作”太多了，你说的是哪种“合作”？我不记得我有接过这种大叔的…
P30-5,询问者：这个代言你总记得吧。（拿出双岛牛奶的宣传PV照片）
P30-6,盾子：啊……哦。是有这么件事来着。怎么，你该不会是因为我跟那大叔有啥孽缘吧？
P30-7,询问者：只是单纯的觉得奇怪而已。仅仅两年前的事情，不至于忘得这么干净吧。
P30-8,盾子：我当时并没有跟他们老总有过什么接触啦，反正这种商业活动我每个月都要接那么两三个，总不能谁都记住吧？
P31-1,询问者：请说出您的名字，年龄和职业。
P31-2,罪木：好…的！那个……罪、罪……
P31-3,询问者：罪木蜜柑，18岁，希望之峰77期生，超高校级的保健委员，没错吧。
P31-4,罪木：是！
P32-1,询问者：1日的晚餐时段，您前往A2食堂有什么特别的理由吗？
P32-2,罪木：啊…那个，因为雪染老师一直在忙接待相关的事情，所以大家非要来看看，所以…
P32-3,询问者：所以你们只是跟着雪染老师来到这里的，对吧？
P32-4,罪木：…是。
P33-1,询问者：当时排队的时候有没有遇到什么奇怪的事情？
P33-2,罪木：啊…也没什么奇怪的事情啦……
P33-3,询问者：你前面的这个女生还有印象吗？（出示江之岛盾子的照片）
P33-4,罪木：嗯…是，她好像把手链之类的东西掉进锅里了……
P33-5,询问者：手链？大家都说是发卡啊？
P33-6,罪木：啊！对不起……我当时在后面看的不是很清楚……因为感觉好像是手上的什么东西掉进去了……真是十分抱歉！
P34-1,询问者：冷静一下。没关系的。第一位中毒者倒地的时候你在哪里？
P34-2,罪木：当、当时我在跟七海同学，索尼娅同学和澪田同学一起坐在附近……
P34-3,询问者：案件发生的时候，你也参与了现场急救吧。
P34-4,罪木：是，因为那个…人家也算是懂点医学常识……所以做了些微不足道的贡献！
P34-5,询问者：能介绍一下急救时的细节吗？
P34-6,罪木：嗯……当时的中毒者一共有四名，所以排除了是急症发作的可能性…患者出现呕吐和抽搐症状，所以当时的要务是确保患者呼吸道顺畅，幸好当时在场的那位同样中了毒的小姐症状较轻，及时提醒了我们这是TETS中毒，所以我当时立刻对澪田同学七海同学索尼娅同学进行了紧急催吐……啊啊啊啊希望他们不要恨我呜呜呜呜呜呜呜呜呜呜呜……
P34-7,询问者：那个…我想他们不会怪你的，嗯。毕竟是紧急状况嘛，紧急状况……
P34-8,罪木：但是后来想想他们其实并没吃东西所以……啊啊啊啊啊我完蛋了！
P34-9,询问者：啊……总之，请你不要再哭了。拜托了，请看看这张照片！
P34-10,罪木：好……（吸鼻涕），嗯，这个人……怎么了吗？
P34-11,询问者：这位是佐川教授，当时是她提醒你中毒的毒剂是TETS的吗？
P34-12,罪木：……是的。
P35-1,询问者：请说出您的名字，年龄和职业。
P35-2,理绘：…佐川理绘，18岁，希望之峰预备学科在读生。
P36-1,询问者：1日的晚餐时段，您前往A2食堂有什么特别的理由吗？
P36-2,理绘：……
P36-3,询问者：你是预备学科的学生吧，一般是不会出现在本校校区的，为什么？
P36-4,理绘：…因为我母亲在那里。
P36-5,询问者：你是想说那天你是去找你母亲的吗？
P36-6,理绘：是。
P36-7,询问者：有什么特别的原因吗？
P36-8,理绘：......我忘带家门钥匙了。
P37-1,询问者：能详细说一下排队时的状况吗？
P37-2,理绘：我大概六点半左右就到了…排在队伍第一的位置。
P37-3,询问者：排队的其他人里你还认识谁？
P37-4,理绘：妈…佐川教授，在我后面隔两个人的位置。
P37-5,询问者：你母亲似乎没认出来你啊。
P37-6,理绘：那个…可能是因为我比较矮还换了套带兜帽的衣服，所以没认出来我吧…
P37-7,询问者：你后来一直在餐厅里等着直到案发吗？
P37-8,理绘：是，我找了个空桌子坐下。
P37-9,询问者：为什么不直接去找佐川教授要钥匙回家呢？
P37-10,理绘：……因为她不喜欢我到本校区来。
P37-11,询问者：因为你预备学科的身份？
P37-12,理绘：……
P38-1,询问者：佐川教授提到当天你帮她贴了一张注射贴，有这种事吗？
P38-2,理绘：是。
P38-3,询问者：你知道里面装的是什么吗？
P38-4,理绘：听她说是营养液。
P38-5,询问者：佐川教授说你把时间设置错了，导致他吃饭的时候药剂就注射进去了，是这样吗？
P38-6,理绘：…我不知道，可能是我设错了吧。
P38-7,询问者：你是第一次做这种事吗？
P38-8,理绘：是。
P38-9,询问者：佐川教授命令你做的吗？
P38-10,理绘：不是，是我自己主动的。
P39-1,询问者：听说你跟你母亲的关系很差？无论怎么说，连自己女儿都认不出来也太反常了。
P39-2,理绘：是。
P39-3,询问者：是因为什么呢？
P39-4,理绘：……她平时很忙，所以没什么时间来照顾我。
P39-5,询问者：但是据你们的邻居说，你们的关系恶化是从去年开始的？
P39-6,理绘：……这不是理所当然的吗。
P39-7,询问者：为什么这么说？
P39-8,理绘：当然是会恶化啊！你们这种人怎么能明白我们家的事情！超高校级教育者的女儿却进了预备学科这种事……你们懂什么啊！
P39-9,（询问因佐川理绘的哭闹暂时中断）
P40-1,询问者：回到正题。你认识这个人吗？（出示雪染千纱）
P40-2,理绘：（抽泣）嗯。雪染千纱老师。
P40-3,询问者：听说你跟她的关系不错？
P40-4,理绘：是。（点头）
P40-5,询问者：虽然她从来也没教过你那班？那你们是怎么认识的？
P40-6,理绘：她在那个晚上救了我。
P40-7,询问者：能详细说说发生了什么吗？
P40-8,理绘：……我选择行使保持沉默的权利。（抽泣）
P41-1,询问者：请说出您的名字，年龄和职业。
P41-2,逆藏：逆藏十三，22岁，希望之峰保安部部长。
P41-3,询问者：呃…逆藏部长，你大衣右侧靠下面的位置沾上了一道白色粉末…
P41-4,逆藏：（低头看了看）…专心问问题。我没时间管那种事。
P41-5,询问者：好…
P42-1,询问者：当时，你是第一批到达A2食堂的保安部成员，是这样吗？
P42-2,逆藏：是。当时我是偶然路过那里，正好发生了中毒事故。
P42-3,询问者：你看到了什么？
P42-4,逆藏：一片混乱，大约四个人在地上痛苦的打滚，千…雪染老师正和他们班的一个学生在对一个患者进行急救。
P42-5,询问者：你当时做了什么？
P42-6,逆藏：我立刻给周围的保安下达了紧急集合命令，然后开始帮助控制场面形势，主要还是让其中的顾客和中毒者立刻撤出前往医院进行处理，同时保护现场。
P42-7,询问者：当时你就认为这是一起人为事件？
P42-8,逆藏：我心底里当然希望是事故，但是恕我直言，在目前的安保条例下，这种事情是意外的可能简直微乎其微。无论如何，保护现场都是很重要的。
P42-9,询问者：从这以后你一直在餐厅进行现场指挥了吗？
P42-10,逆藏：是的。
P43-1,询问者：当天的安保措施是否到位？有没有可能是外来者作案？
P43-2,逆藏：当天日下部龙之介要来参观，所以安保系统非但没有松弛，反而更加严格了，所有出入的非校内人员都进行了严格的登记，搜查也做的更加彻底，所以很明确一定是希望之峰本校人员作案。
P43-3,询问者：预备学科呢？
P43-4,逆藏：对不起，我不负责预备学科的检查。
P43-5,询问者：当天，预备学科学生佐川理绘就在案发现场，你们对他进行了检查吗？
P43-6,逆藏：这确实是失职。那个小女孩他妈是本科的教授，所以看门的那两个混蛋就轻松的把她放进去了。现在那两个人正在接受严格的审查，被炒鱿鱼是免不了的事情了。
P43-7,询问者：当天还有其他像佐川理绘这样的人吗？
P43-8,逆藏：没有了。而且佐川理绘即使能进本校，没有电子手册，她什么也做不了。
P43-9,询问者：日下部先生本人接受了检查吗？
P43-10,逆藏：没有，因为涉及到商业机密，希望之峰理事会特许日下部先生无需接受检查。而且就这次事件来看，日下部没理由要在自己投资的食堂里砸自己的招牌吧。
